site_id,renters_share,income_index,pop_density_index
worcester-0000,0.7453118316739219,0.6600623018477392,0.7361486507600024
worcester-0001,0.2988531516012483,0.7049489038371622,0.6628667970132777
worcester-0002,0.5002048219836239,0.8129791006196255,0.41188682313339986
worcester-0003,0.5570269914063465,0.735334608865939,0.6087149054029571
worcester-0004,0.4881564035418178,0.804811392462143,0.26218655207369845
worcester-0005,0.48476911673344575,0.6938475313398327,0.4469222592558377
worcester-0006,0.6068126466359255,0.7590763129996906,0.5188759571835876
worcester-0007,0.44852508757577353,0.713495070948843,0.44205593420195377
worcester-0008,0.46267944877137696,0.6398757889010616,0.5755532504004266
worcester-0009,0.7115858498696824,0.6837791691117914,0.9655999209165502
worcester-0010,0.6813036580707028,0.5848785412106435,0.8463288899853432
worcester-0011,0.48730093862076934,0.6223978673124861,0.613630256543156
worcester-0012,0.3944688417368335,0.7701607034044499,0.2725888316938786
worcester-0013,0.4427106144650481,0.6455291578661966,0.09776943823148856
worcester-0014,0.6316864708815363,0.6674950003989899,0.7548431669433853
worcester-0015,0.48921705292198786,0.7300869654649432,0.41254559902358945
worcester-0016,0.5229833179341391,0.6556471759183928,0.6461626181845166
worcester-0017,0.3682901450355801,0.7243621476624383,0.7236825776417588
worcester-0018,0.5782636630814019,0.8980370301797231,0.4854623040309187
worcester-0019,0.4036457970321172,0.8595798481506978,0.2611358420343386
worcester-0020,0.6166810677452079,0.7747197072587334,0.6370712078959252
worcester-0021,0.6830215316187269,0.6714345698855383,0.9073554471354259
worcester-0022,0.5136921693498309,0.7596624936291043,0.13434240914305332
worcester-0023,0.6752331537828263,0.6751656426652218,0.6513313517810263
worcester-0024,0.4207643760968671,0.7545543274245073,0.24929859498067103
worcester-0025,0.6946070329231475,0.673125834976078,0.6846875621715673
worcester-0026,0.4507111336951065,0.7076072385521243,0.6358871326724647
worcester-0027,0.49787323842734826,0.7166904419957125,0.15248207516561899
worcester-0028,0.4495382555684392,0.7887669015246712,0.7812248946917253
worcester-0029,0.5362923123341119,0.6365624438548017,0.7619481648904045
worcester-0030,0.5154942399157669,0.7797803140852922,0.3668662273370092
worcester-0031,0.4564584486102916,0.8220401589279172,0.3047561937501947
worcester-0032,0.3864338328295016,0.7605433863641613,0.3089988889680867
worcester-0033,0.5494546690739542,0.6024379562504806,0.9242571515714342
worcester-0034,0.4032742251693823,0.7562260874465286,0.33366268891400247
worcester-0035,0.5232568872394789,0.8850475930760081,0.45048705531924826
worcester-0036,0.5985107045860252,0.742545243265249,0.8315070332578729
worcester-0037,0.5549772649513801,0.6506144973667453,0.6441348321770999
worcester-0038,0.40885606571327987,0.7503613039491022,0.5720743286376769
worcester-0039,0.5277341733742663,0.7155030746114489,0.42599740828520255
worcester-0040,0.4422940925138222,0.5496219898831106,0.6391099789540793
worcester-0041,0.4394110819471349,0.7417448776148317,0.5131474492394009
worcester-0042,0.3615461013508962,0.8328260835973793,0.2865720820860059
worcester-0043,0.5882354033814085,0.7787265486233641,0.6538579742542405
worcester-0044,0.5763596229187139,0.6768702114950705,0.6918689392986811
worcester-0045,0.4947853708418227,0.639469921673074,0.5626089460369451
worcester-0046,0.42261676312386975,0.8549085945689346,0.38456642474939606
worcester-0047,0.56953504658809,0.6327127442375999,0.8640600109043182
worcester-0048,0.6199334828503094,0.7218686733421925,0.8686975788623243
worcester-0049,0.5000010562343151,0.8580215473636726,0.2656867192615472
worcester-0050,0.5723208127853535,0.6949812154005398,0.7783329891480459
worcester-0051,0.4489856330523995,0.7680286566332084,0.24731907794576694
worcester-0052,0.5434315061410798,0.6395850337204231,0.8085169013431895
worcester-0053,0.6162745749832546,0.6643731551941127,0.5498034896475152
worcester-0054,0.5301573587239267,0.7295092474129433,0.5884819540194587
worcester-0055,0.633361775295971,0.6454693926191797,0.6182399170839801
worcester-0056,0.5180437152671632,0.7451042216403361,0.5447688167820823
worcester-0057,0.7120677610339091,0.530775132759189,0.6251634479787127
worcester-0058,0.5271792575664831,0.6109201633815224,0.5983100237070379
worcester-0059,0.5173122468575695,0.6864134064367934,0.5530884990186803
worcester-0060,0.5068891750091151,0.6340489566743621,0.7145161906449332
worcester-0061,0.5190914564631006,0.6929819895141109,0.5315810417943408
worcester-0062,0.46428583547332175,0.6257969098082583,0.6549810649168853
worcester-0063,0.38132651822433833,0.7989102808540687,0.4343615330220516
worcester-0064,0.6549007052086534,0.7724563822212105,0.7490593569493007
worcester-0065,0.6649615992375091,0.6017468920468179,0.7798035633259702
worcester-0066,0.5633356170699721,0.7839124621788566,0.7436827055519386
worcester-0067,0.1779555649819334,0.6727498024179694,0.266981053212818
worcester-0068,0.4095484886342452,0.7310949905739842,0.44375016858996486
worcester-0069,0.5592665636112961,0.4899195687273732,0.9384133292282902
worcester-0070,0.3619712655697123,0.7707759907718728,0.6592240492309845
worcester-0071,0.6159700809352788,0.6296289739498693,0.8827353400346466
worcester-0072,0.5185111425738255,0.7953429295880149,0.22917284080087158
worcester-0073,0.5215013784222092,0.7718464367753649,0.557068106995368
worcester-0074,0.4664666203327459,0.7399254499277512,0.5380362440877727
worcester-0075,0.655008214991169,0.6542790613000665,0.6852343733499948
worcester-0076,0.4460874717569411,0.6892804931917229,0.32054267209553156
worcester-0077,0.6532109647859984,0.6341198793815076,0.9854947040488407
worcester-0078,0.42722592702077977,0.67421155092273,0.6380516121347729
worcester-0079,0.5688145619325972,0.6435105524912856,0.7205093134276284
worcester-0080,0.4693887680066558,0.8533288901748327,0.4141015147343013
worcester-0081,0.3680334108977391,0.7617922399965747,0.682897290828735
worcester-0082,0.25891532062791134,0.7966555164224197,0.2993307711404619
worcester-0083,0.6607605907295537,0.7140257298558336,0.7343278879075767
worcester-0084,0.571114142624849,0.6091070837673531,0.6223021467931626
worcester-0085,0.4801548557618598,0.7078000582105602,0.5980159498904013
worcester-0086,0.5257473403692023,0.5322946020983932,0.9282054833832662
worcester-0087,0.41088920720690836,0.7078332225876938,0.7074385535305535
worcester-0088,0.4085523817169001,0.7355026033541733,0.5645758605864742
worcester-0089,0.6543383095587305,0.6344924730723804,0.9983617955008426
worcester-0090,0.6500252644712464,0.7505324736388235,0.5142584904944019
worcester-0091,0.46295501228215685,0.7496157727697005,0.40229815804103375
worcester-0092,0.6367135264344026,0.6900958896516431,0.6637946748021334
worcester-0093,0.5724590684850376,0.6594318394328527,0.80397900935116
worcester-0094,0.4746575787576462,0.8408342792044842,0.4117209000400178
worcester-0095,0.7636243512697543,0.7147102899827104,0.7865661942704225
worcester-0096,0.44223114329409224,0.5808529099766184,0.7067379461022611
worcester-0097,0.5091754092309281,0.6986435027012974,0.5877392706891944
worcester-0098,0.5184318522548844,0.7832457679508718,0.6673750491714064
worcester-0099,0.511775137777756,0.6987073942017312,0.509599391722903
worcester-0100,0.606880048310918,0.7356262802398018,0.5035582658789144
worcester-0101,0.6280463619252624,0.6261376708332553,0.7157684799548767
worcester-0102,0.3574853341625264,0.6387816756144438,0.2934416106703799
worcester-0103,0.39248252147163637,0.7679730152561643,0.4829846660323406
worcester-0104,0.46399643081273423,0.6603425090534919,0.5468694582451537
worcester-0105,0.5407173869771238,0.6323073966906707,0.8531511547054563
worcester-0106,0.6891330363350587,0.5917089207108497,0.6732493032208527
worcester-0107,0.4268807770037472,0.6201738099633245,0.5273319794633016
worcester-0108,0.5641419151234416,0.6725812386483743,0.524589665551565
worcester-0109,0.4921831875695053,0.6479273804103194,0.7264656392049913
worcester-0110,0.4728441075155073,0.8001987874101439,0.24167429227122184
worcester-0111,0.5775118659562792,0.6046666297541612,0.6603984411515899
worcester-0112,0.5103214559652283,0.7556373788383076,0.6016722021058641
worcester-0113,0.4527017032398545,0.7691606305583432,0.4141245330208747
worcester-0114,0.5816354535812112,0.7173234445383564,0.3634961385543649
worcester-0115,0.3950111737245354,0.7677392074175641,0.41827688802038177
worcester-0116,0.540963062047759,0.6424969482080962,0.8312049471334471
worcester-0117,0.3595796444101516,0.7202287135980693,0.35731914828597133
worcester-0118,0.71623515475693,0.6398541919992681,0.8920417803619777
worcester-0119,0.40062929867720876,0.6588533079952784,0.22832766687423547
worcester-0120,0.5899156169915517,0.6023202907307659,0.8534373520236391
worcester-0121,0.6018043455784237,0.6820263315843795,0.6884350405081328
worcester-0122,0.5803082200446712,0.6594618905425218,0.18473050913901773
worcester-0123,0.4152814743609567,0.7947436565468621,0.5291877721155723
worcester-0124,0.4737134072074096,0.7125890928310509,0.39313276419349535
worcester-0125,0.46350480134095107,0.7201876630451112,0.35630118108502934
worcester-0126,0.5369601705214002,0.6874735233904732,0.5754911358690483
worcester-0127,0.35201065640876206,0.7730837783062059,0.45303296925986697
worcester-0128,0.5232424454066943,0.769560987839618,0.6522234986636518
worcester-0129,0.6426971606172359,0.5948810939910696,0.8421428583914659
worcester-0130,0.3580674023358976,0.8026192542867617,0.783252560746001
worcester-0131,0.5936323177638715,0.7706073024936196,0.15890521544218267
worcester-0132,0.5412613747621832,0.7555829285257976,0.49310276914228196
worcester-0133,0.6235353695252879,0.6849930742632555,0.8739620791957908
worcester-0134,0.41959172523749,0.693328729873687,0.498063547599769
worcester-0135,0.42192371802300843,0.633826551253124,0.7106706115279902
worcester-0136,0.5299955548543765,0.737760890827411,0.5267758422218098
worcester-0137,0.5705051715983055,0.7039665499183576,0.6742621938832875
worcester-0138,0.6173766691894996,0.7193797879489048,0.843107820714569
worcester-0139,0.4255652539424435,0.6586745650229583,0.6614585091261446
worcester-0140,0.4324670329278829,0.8839571308940002,0.20251988548712285
worcester-0141,0.6296403228744052,0.7142417656415426,0.37056905310682653
worcester-0142,0.4040511161856763,0.700366743680202,0.2999536067812181
worcester-0143,0.4646958061884304,0.8447525550073827,0.10471845595500054
worcester-0144,0.6978773055754331,0.6817395741755722,1.0
worcester-0145,0.7041456038382847,0.5758592430401713,0.8668411961579552
worcester-0146,0.6707808784761755,0.718269653265618,0.7900033295596517
worcester-0147,0.6687354227052726,0.5278261879704249,0.8380423396167143
worcester-0148,0.48878218311499333,0.6943345936016956,0.6171443709624368
worcester-0149,0.4502476530055383,0.9114056265928092,0.49829883075767256
worcester-0150,0.5162352429370466,0.7948519547564962,0.612747793610795
worcester-0151,0.46881323525156293,0.751606175114524,0.5727544898739494
worcester-0152,0.5326382822568014,0.7608051736754599,0.46262500362045
worcester-0153,0.7167505621155882,0.5520802086381935,0.9573748782892283
worcester-0154,0.44656644819688995,0.7274793725485033,0.7127061446848795
worcester-0155,0.5186723204757661,0.7302670355925852,0.6106059134953488
worcester-0156,0.8063772210987576,0.6011767950817141,0.9396558336734934
worcester-0157,0.5018678947698091,0.7657861070199876,0.6414601387294447
worcester-0158,0.4249287803159288,0.8011844448757296,0.42683995764756144
worcester-0159,0.8002898583591419,0.6740149882367417,0.6099863017515598
worcester-0160,0.4702836521003203,0.7422237825650733,0.5346497298908152
worcester-0161,0.2406303237213596,0.7352997567550108,0.5320993187886297
worcester-0162,0.2583764841044599,0.6888313234437282,0.2856166570598886
worcester-0163,0.3001581121005431,0.763578222844679,0.2972261268598641
worcester-0164,0.47069950191422005,0.6110158838399764,0.43251681754042914
worcester-0165,0.4808130405729126,0.7224072286236076,0.5898042810185437
worcester-0166,0.3034656623279104,0.8063603268808948,0.44509365525970507
worcester-0167,0.4856481735910994,0.9011396386168753,0.1132030880420174
worcester-0168,0.36015543952256657,0.769414251711226,0.4780024510530021
worcester-0169,0.5363647340293182,0.5397574049001921,0.620395027625887
worcester-0170,0.5661767238689239,0.7942223058528468,0.6850290029215544
worcester-0171,0.6984203121023236,0.6617935056361457,0.9262547093425286
worcester-0172,0.5974508314723633,0.6489731115151728,0.8000588400429727
worcester-0173,0.4477415756927601,0.8077079698814578,0.34680417203147684
worcester-0174,0.2860447792884219,0.8260769373253714,0.3595294082667462
worcester-0175,0.44980330905666704,0.6758448219212492,0.3760433029488987
worcester-0176,0.7078907223354628,0.5531661244301428,0.8917521486667943
worcester-0177,0.4995282680068195,0.8331735489699906,0.29990836462459247
worcester-0178,0.6898500927656988,0.5686214715644808,0.6391835487422128
worcester-0179,0.5555844232514654,0.7777443618898316,0.49743302184306254
worcester-0180,0.5511504520262341,0.7442153173615739,0.4851821525510842
worcester-0181,0.5416684040855604,0.8389703020586069,0.33951782828136085
worcester-0182,0.6970302159534384,0.7386432784752164,0.8401617379096705
worcester-0183,0.507899042583852,0.7484847817128677,0.7376107384810937
worcester-0184,0.21309540213106534,0.8889237507866272,0.38002061281359223
worcester-0185,0.7033012701209294,0.7184155052933755,0.8355979160702776
worcester-0186,0.5545364867791898,0.7491780513101587,0.6482583372173559
worcester-0187,0.5816136279530311,0.7861056316449289,0.6462449199094342
worcester-0188,0.473544583405228,0.7184541634529837,0.5163639880810816
worcester-0189,0.6231735860188924,0.6010363583702821,0.7724765481641069
worcester-0190,0.6146090755538869,0.7344868672333614,0.6502776730692941
worcester-0191,0.6197733778389162,0.5545129940068226,0.7453181113463081
worcester-0192,0.43318728729339295,0.6681298951369792,0.44134948415506203
worcester-0193,0.3840532275219436,0.9101814500281802,0.35554106151059667
worcester-0194,0.5002069247403659,0.818778860748716,0.2483182867421978
worcester-0195,0.46336617866630575,0.678111650913864,0.6474305110825724
worcester-0196,0.2037982559926403,0.7285331621365471,0.33883222353865056
worcester-0197,0.2721963847613715,0.6206770683142212,0.33757221348203525
worcester-0198,0.41823474573599206,0.6669662140809087,0.6414432414388017
worcester-0199,0.6235691925343563,0.6305665258573202,0.6607925160807343
worcester-0200,0.5323669195446191,0.7042386028505575,0.6575857055823595
worcester-0201,0.43127532596168094,0.7288536725569571,0.45228380566963977
worcester-0202,0.36555670702721743,0.731796426802426,0.36907677404363576
worcester-0203,0.5476265228421481,0.55240015458913,0.6265794368325895
worcester-0204,0.3974171836391863,0.871033573377139,0.49946771057072625
worcester-0205,0.41982037352960555,0.7689900250256466,0.2787848202040165
worcester-0206,0.501503875738104,0.7064921589216149,0.6967498420104266
worcester-0207,0.4341618242310375,0.6979357215329602,0.5229154782471099
worcester-0208,0.7037544731534956,0.7145217319882056,0.7896705801461046
worcester-0209,0.21687583463543272,0.8582988374027106,0.2850339902753044
worcester-0210,0.40417677969274196,0.820304069475738,0.33561560777004285
worcester-0211,0.3285115857138792,0.6879027427967025,0.3680940582579781
worcester-0212,0.44015439476482854,0.696066361960525,0.4841721953477439
worcester-0213,0.5587179487013165,0.5075830555083793,0.7027228955913157
worcester-0214,0.4930975583849002,0.7461373626188962,0.4787162662997239
worcester-0215,0.4892849742802539,0.7967426759637934,0.33954559306548693
worcester-0216,0.45000269561185224,0.8391882496872076,0.4155596278427
worcester-0217,0.6379324677141145,0.6916316285385694,0.5971276180940109
worcester-0218,0.41317098350869086,0.7586587276455468,0.5818212254991036
worcester-0219,0.6385453572696377,0.6156747596060828,0.7180173018516172
worcester-0220,0.40385935484285396,0.7964765641125054,0.4132485200500695
worcester-0221,0.6790375396904008,0.6213425535433594,0.7863002655472215
worcester-0222,0.6906344425594764,0.6304349607908489,0.5998104724021207
worcester-0223,0.5931801418069722,0.5952798251050285,0.6610984127837687
worcester-0224,0.6437789380650539,0.8037763927146387,0.4505779719165961
worcester-0225,0.18912187268715813,0.6315555869951665,0.2562547379111708
worcester-0226,0.43638788784511423,0.7507090156857038,0.5383945153214317
worcester-0227,0.6181652536026194,0.6346836176815768,0.4739195946287571
worcester-0228,0.3819026918480483,0.77248933780738,0.46357125372160185
worcester-0229,0.47725602033148606,0.6800863421045693,0.5065879031668015
worcester-0230,0.6878792267258527,0.7375118243643995,0.8309869752227741
worcester-0231,0.7311247063502226,0.6067910246417729,0.7160756213918783
worcester-0232,0.4375938876645925,0.6326163105820566,0.5179633426149053
worcester-0233,0.6281120039831822,0.6253758804559871,0.808713454902286
worcester-0234,0.5406172550742602,0.6074916129081513,0.45882109030181417
worcester-0235,0.5867674610874711,0.6866722339685494,0.5085548010654789
worcester-0236,0.540165899035506,0.7592664554280733,0.7093909534333216
worcester-0237,0.40261269134643174,0.8054062565412224,0.3056743800401512
worcester-0238,0.3927419680379013,0.71408975486902,0.48207465630498236
worcester-0239,0.5644944755207756,0.7731046172760547,0.5623590106611643
worcester-0240,0.30512776589528373,0.6995058493305526,0.20032026067233352
worcester-0241,0.5235821309457185,0.7573530082324897,0.5380859924260026
worcester-0242,0.6362223488378415,0.6564236199499084,0.752059392742909
worcester-0243,0.5776191482469115,0.5958751530176329,0.8118937873605219
worcester-0244,0.5042689143201239,0.7780179008415897,0.46847988451903017
worcester-0245,0.4574472223514511,0.6744721776223248,0.47825406955628824
worcester-0246,0.6275351483459636,0.6298235478500742,0.7757386382467131
worcester-0247,0.6480230360686721,0.6862374380277506,0.8974736098887592
worcester-0248,0.46188555029751116,0.6399767531378272,0.5093374945320901
worcester-0249,0.4004947984205199,0.7414980826215847,0.42019270763310534
worcester-0250,0.5077073870762233,0.750018422411955,0.581029475964155
worcester-0251,0.46929437184521505,0.7955129901000307,0.5259932402759517
worcester-0252,0.577959820688637,0.6557547918634956,0.5283084942357612
worcester-0253,0.246294611210736,0.8134536137391877,0.1648445618577169
worcester-0254,0.47829490606243685,0.6916196210871793,0.44789705404776053
worcester-0255,0.4479513621681239,0.6581959021237686,0.8718008812585254
worcester-0256,0.4761088796102883,0.6652521224350629,0.47253560404505235
worcester-0257,0.44778900227544977,0.8091383981957689,0.38379018348969485
worcester-0258,0.5208381650604038,0.6517865181459074,0.43111331697506305
worcester-0259,0.7435073521817441,0.6376404886589737,0.8578619522297619
worcester-0260,0.527734928289652,0.7378286006703408,0.6975460094812762
worcester-0261,0.2950646542624181,0.7570641118120713,0.5974488453037897
worcester-0262,0.4260055113617578,0.6306169392828122,0.49028686000859134
worcester-0263,0.6827819647812432,0.7329545658246138,0.6111750716504659
worcester-0264,0.536173765551488,0.7649790120625349,0.17033103965075402
worcester-0265,0.43189595881937665,0.8569511103669231,0.4132070470193431
worcester-0266,0.3399931420482999,0.7081559787507921,0.4353729861933672
worcester-0267,0.649641264913281,0.6855924190007119,0.5591255838175639
worcester-0268,0.24788948206782227,0.7556269111897602,0.42785814266304206
worcester-0269,0.46730826325570973,0.7222078295154,0.3813979856689361
worcester-0270,0.4695951682701954,0.7143194237198495,0.3871326196476483
worcester-0271,0.40333379866225844,0.6884983195862575,0.1572294283950265
worcester-0272,0.26705983009063083,0.6445446900216087,0.18469423972571225
worcester-0273,0.5857665771959224,0.5404532649566394,0.8140165260574148
worcester-0274,0.6354727501696447,0.640817688887162,0.79296412693072
worcester-0275,0.4209695872690389,0.7630346048250353,0.3577885076690517
worcester-0276,0.4939782773086103,0.6285424701858757,0.8277066493452985
worcester-0277,0.5883028552833985,0.5916349492332026,0.6449529053022101
worcester-0278,0.5468809076704576,0.6762832790293947,0.5775919821344359
worcester-0279,0.54373356215152,0.6829515771795901,0.7460611587495642
worcester-0280,0.45045644142019736,0.8951605827811006,0.6272592890673866
worcester-0281,0.60442796076922,0.7643209076131432,0.6312428860851104
worcester-0282,0.40461616007838297,0.7715805242515201,0.2850247772372473
worcester-0283,0.5059473599642501,0.5506482704347505,0.8829656541400391
worcester-0284,0.5298947211235223,0.6903558839255323,0.5546180022598992
worcester-0285,0.6154143307792391,0.6210615843616467,0.7830992756229124
worcester-0286,0.5245269379380875,0.7412239077582133,0.4687833552192244
worcester-0287,0.3325221145837165,0.875970061795352,0.7225181481938252
worcester-0288,0.4318305389244518,0.7088629155263307,0.712767888820024
worcester-0289,0.5448938917257299,0.5671742162425686,0.6155159956224596
worcester-0290,0.6121611051968298,0.6803863578945821,0.8517388930783403
worcester-0291,0.4001906941807874,0.6656373048934752,0.30227352066267865
worcester-0292,0.48579499903453466,0.7844367016456676,0.4494789964817027
worcester-0293,0.46887686322965527,0.838976843969452,0.39459248842138095
worcester-0294,0.5756846098334177,0.736095221194318,0.6784850082456237
worcester-0295,0.5628559101193705,0.6520967957400078,0.2534878617233466
worcester-0296,0.5094152449581434,0.715095744228835,0.602497692713632
worcester-0297,0.4406038702210625,0.8045975434221174,0.6299312853437471
worcester-0298,0.5207045031966117,0.6517326748464078,0.6526780214348781
worcester-0299,0.48998198897990697,0.5871343262623607,0.9259603242533733
worcester-0300,0.5980118154786842,0.6768571602567602,0.8675395828041619
worcester-0301,0.4640191099814385,0.7476105831679283,0.3699782121839234
worcester-0302,0.4243188148207103,0.7605479198547067,0.36799732887393877
worcester-0303,0.7312241526920107,0.6271148671727532,1.0
worcester-0304,0.39581084030686575,0.7895573062404235,0.349615460235147
worcester-0305,0.4944794835080094,0.6093854725215015,0.8219428195088418
worcester-0306,0.6316303123903027,0.6160029542656528,0.7845555272485071
worcester-0307,0.39716850667627795,0.7553989866192771,0.43687812147920063
worcester-0308,0.5273835159018732,0.6205755880963502,0.4359775310731714
worcester-0309,0.5464599412728753,0.7172139897234707,0.5576779822262691
worcester-0310,0.46648812159202874,0.6956093841411031,0.674296980947129
worcester-0311,0.5321268649207702,0.7612999116013268,0.42896932024467455
worcester-0312,0.5436294631687599,0.772819089519132,0.45066175170575684
worcester-0313,0.38388521850530327,0.6944485583177709,0.32586996985331024
worcester-0314,0.4651622679501352,0.6790834448689147,0.41709175358416967
worcester-0315,0.3027498296920768,0.7764141071880744,0.3264551500999062
worcester-0316,0.3971055950769618,0.7375092001881299,0.24516547060747387
worcester-0317,0.5504928071180818,0.7362541244974902,0.3547261295533497
worcester-0318,0.42164552771168773,0.6386188166362767,0.6090342312309135
worcester-0319,0.4881426512682656,0.6081896037656006,0.6068014881220024
worcester-0320,0.3398495185248821,0.7832909255692685,0.3490643518116995
worcester-0321,0.5867431272562232,0.7077596262985255,0.45598611713971976
worcester-0322,0.7001384673028498,0.6950320644667884,0.800865909639129
worcester-0323,0.626859358350539,0.6893895966753092,0.8805784423473976
worcester-0324,0.47080639976510147,0.8127999229116724,0.5170097847755103
worcester-0325,0.33511129774737636,0.7579360606382803,0.5108634799268528
worcester-0326,0.5353529366031061,0.6655032280827846,0.5841319919784601
worcester-0327,0.5188370684165062,0.5714422721931768,0.5503412070378966
worcester-0328,0.7393481875678185,0.5947435357384131,0.808727474839141
worcester-0329,0.3495251849526174,0.6059277702081582,0.5296809104148223
worcester-0330,0.5794971468622716,0.5918885699411148,0.7178591076050006
worcester-0331,0.5379999429866248,0.7216632783209409,0.6371821804695897
worcester-0332,0.40167909772830945,0.5376502564210187,0.8633295198680855
worcester-0333,0.4388503590821899,0.7806825658101201,0.7158960345876488
worcester-0334,0.4803189792960134,0.7977317335113828,0.5339440313090273
worcester-0335,0.585852248920058,0.8874081366042388,0.6210321616186146
worcester-0336,0.4095832596800011,0.8467809074048543,0.35986425279636486
worcester-0337,0.4170475544763189,0.8839880809063619,0.40081923444645073
worcester-0338,0.45083911716955416,0.7170397962468332,0.5492682205409444
worcester-0339,0.400333421308225,0.7177575047325656,0.3215309693497683
worcester-0340,0.45269328096478056,0.7792139126991924,0.6315173986106644
worcester-0341,0.3477138129500892,0.6618669983199919,0.42484176574803784
worcester-0342,0.4899755825952521,0.8058195861114373,0.4454154580393639
worcester-0343,0.6544595187973009,0.6132230687687967,1.0
worcester-0344,0.7393601236216971,0.5233911780614778,0.8029066879795644
worcester-0345,0.47668952227905975,0.8356531005247959,0.5204192335959523
worcester-0346,0.6187760075016535,0.6406617277581167,0.47027285092305193
worcester-0347,0.49924388620326254,0.9047962580316997,0.3000115115246099
worcester-0348,0.5690298988223773,0.6247231556165402,0.3937749879238231
worcester-0349,0.4482637048622128,0.6425264227714447,0.6889487410667152
worcester-0350,0.5873152906520952,0.6386931642848804,1.0
worcester-0351,0.48175402037907705,0.71088346261905,0.4814198765298774
worcester-0352,0.6200660827024183,0.5754394710330609,0.7322784057709275
worcester-0353,0.511627033910071,0.722607999209918,0.6513646664368422
worcester-0354,0.49757945301404527,0.7625524514917345,0.49396513435372263
worcester-0355,0.49472115930844274,0.7630758579676347,0.6144931716445619
worcester-0356,0.5907082608335467,0.5964778672477838,0.39044328546304274
worcester-0357,0.6054895215677025,0.6201858151508275,0.785347667118709
worcester-0358,0.6578808418899875,0.5920924101130989,0.9224938765217849
worcester-0359,0.7048730317078349,0.6765956271388577,1.0
worcester-0360,0.5446669377502028,0.7040165210407988,0.5719605746624925
worcester-0361,0.6933090324349426,0.6590347250302374,0.6921996702118244
worcester-0362,0.4241218329522902,0.7202059000641863,0.5026988950314851
worcester-0363,0.4361179469090688,0.8574808180814677,0.23702979225795037
worcester-0364,0.3991277576486409,0.7002339605756517,0.3197505179562577
worcester-0365,0.7655108992301409,0.635873537887116,0.8842758800588189
worcester-0366,0.4799413806699304,0.6135325667344337,0.34862359151935157
worcester-0367,0.5426735116909827,0.8382650493907778,0.37957225970606023
worcester-0368,0.5340830729287087,0.6695228916458609,0.9406194626413827
worcester-0369,0.3489465167711035,0.6077367485716828,0.6797305904108489
worcester-0370,0.5457146903443275,0.7422316136269613,0.5835334825095978
worcester-0371,0.46379987066747036,0.8647215510075403,0.3914224430602254
worcester-0372,0.5862732425870244,0.7894657073414817,0.21629418469628642
worcester-0373,0.2983173610987277,0.7523445255133189,0.3010466136720583
worcester-0374,0.5209117075450947,0.7533812068646835,0.697220563492748
worcester-0375,0.41931766380334357,0.6307495256906088,0.7057008861686119
worcester-0376,0.45884555690822204,0.6757645230536484,0.6992813877393274
worcester-0377,0.623413331270277,0.6083014387698873,1.0
worcester-0378,0.7341986200842491,0.6294471133880216,0.9192103773937794
worcester-0379,0.4535851042682667,0.6433628182891802,0.5160607016823539
worcester-0380,0.35001312600754514,0.863216889839721,0.29173099542376546
worcester-0381,0.42306301647073735,0.7345671028126485,0.4422685912341465
worcester-0382,0.6237444109756576,0.6252240507217791,0.3908070751719426
worcester-0383,0.8790776401513911,0.592514001244648,1.0
worcester-0384,0.3658214207299846,0.7456923617240594,0.3068575618617932
worcester-0385,0.3656884562393046,0.7813619888604426,0.13211138523635432
worcester-0386,0.5434760088074102,0.7464178060552166,0.7314344868878799
worcester-0387,0.47414288088799855,0.757152333711807,0.366855152049633
worcester-0388,0.5646232986907076,0.6430078143670852,0.668467878221364
worcester-0389,0.6042092366151397,0.7598991274940192,0.6511520908833519
worcester-0390,0.5336037871330315,0.7379819095194547,0.7633410549684398
worcester-0391,0.49538610339572603,0.6495750350745962,0.46744204021732993
worcester-0392,0.4875207477762493,0.5891614748197036,0.6543993648082829
worcester-0393,0.4286314561840052,0.6594956996276314,0.4697163475395728
worcester-0394,0.3731462678731779,0.7738272260189137,0.3038762593008697
worcester-0395,0.5699200979024333,0.5476997016319245,0.9714871262242303
worcester-0396,0.7280286532395012,0.6941886550343742,0.697310737945348
worcester-0397,0.42578197671056617,0.7148364651184136,0.09468108530320854
worcester-0398,0.3235209606732262,0.8305398146432758,0.3025963337650898
worcester-0399,0.5223721421715599,0.5901288133367637,0.5013298864978105
worcester-0400,0.5668681308985176,0.6906891027889215,0.4644110513081906
worcester-0401,0.503681752917442,0.6946127921953216,0.5948998464814876
worcester-0402,0.5105370740747602,0.7864819978312066,0.538950507252008
worcester-0403,0.49251297261299115,0.8089271841161748,0.550172214931196
worcester-0404,0.584590120734432,0.6668350815713102,0.40163848600462887
worcester-0405,0.5960878791645369,0.6888059816629692,0.737175816749928
worcester-0406,0.41878426907359245,0.7878906393631926,0.4349749214198342
worcester-0407,0.48792962754880476,0.7929695958474501,0.7722073996113278
worcester-0408,0.35838815705286536,0.6506441330124153,0.4176938705401778
worcester-0409,0.5073148751321669,0.6196651007350069,0.44092846352042825
worcester-0410,0.6006240962087919,0.6958661383513673,0.6687250169566652
worcester-0411,0.5933743687842511,0.6257646404163646,0.6380432140047774
worcester-0412,0.5350112155177986,0.7809177664245919,0.6614340467990935
worcester-0413,0.29425431243119055,0.7769715065747312,0.2221209874861883
worcester-0414,0.6735226274560042,0.7359465790344901,0.5614315935711637
worcester-0415,0.4451125653440813,0.6666284946049058,0.5423516684424916
worcester-0416,0.44742310044035094,0.7153752911646312,0.694877292175075
worcester-0417,0.4216847626923412,0.8161882535236903,0.3399024677708294
worcester-0418,0.38881145462522054,0.7515884378833992,0.3914306251779932
worcester-0419,0.6033635765482116,0.6044797576487457,0.7146447237305065
worcester-0420,0.26510038162745647,0.798234224129922,0.34933030831751233
worcester-0421,0.5117359672714307,0.7082515518853747,0.4120967700789463
worcester-0422,0.30073218941542645,0.8026318886929084,0.0531334780414347
worcester-0423,0.5169075985572895,0.6451474481146792,0.7342391207037763
worcester-0424,0.6818904131330018,0.7214696594816354,0.9041178582027729
worcester-0425,0.5997109729815973,0.6388544194582828,0.5436699681634386
worcester-0426,0.36072599472296907,0.7277451113085206,0.33544579031859284
worcester-0427,0.540677951616049,0.6859339028996648,0.6903661878417122
worcester-0428,0.6310265518599806,0.7095754203676181,0.5667579787352914
worcester-0429,0.684504596644415,0.5127801231818852,0.7054043162285358
worcester-0430,0.6057115355730351,0.7251635993335399,0.7870383959698877
worcester-0431,0.5365918150550948,0.6108322028926878,0.5280199341734638
worcester-0432,0.7065873878892633,0.6569474481554242,0.9211202732455175
worcester-0433,0.45742547495960134,0.7281434356648453,0.3787889064455456
worcester-0434,0.47754184862596005,0.6920545761267867,0.6173540643409481
worcester-0435,0.48014259762881406,0.6270772678617749,0.6034560936592213
worcester-0436,0.5740159518389655,0.620207272778653,0.4403528670774168
worcester-0437,0.6813120134095029,0.6368537996439354,0.8319253828695532
worcester-0438,0.7013657003307412,0.6681560219299252,0.8257390411345273
worcester-0439,0.4341934119311529,0.7990513497144504,0.3939521297289761
worcester-0440,0.5348780652703663,0.7947570654856074,0.19366477824386463
worcester-0441,0.5090778089440913,0.6419470035342302,0.6097638255599657
worcester-0442,0.6756995300189511,0.7516045985956616,0.7086917996967481
worcester-0443,0.5952588209723889,0.8377638316454519,0.5570111575974436
worcester-0444,0.3542385435900216,0.8199231879297401,0.29976382144523167
worcester-0445,0.49738230464739336,0.6576474331827448,0.7473206264799628
worcester-0446,0.43478430454148825,0.6768412914360326,0.43276532132537926
worcester-0447,0.5104131440043502,0.7009118914332396,0.7024781728122942
worcester-0448,0.5019623254933656,0.6540526449055604,0.4895005499388398
worcester-0449,0.4903539235403748,0.7421386518938287,0.6400836214290464
worcester-0450,0.38332296418542555,0.6851294114191049,0.4622621235514961
worcester-0451,0.43421762630471944,0.7091172892647597,0.21852493320498434
worcester-0452,0.7010078973294077,0.7036503163955087,0.7465905695202291
worcester-0453,0.5833079294236369,0.6530046660149708,0.46416922762051904
worcester-0454,0.4505744656077376,0.5905673251801752,0.6400535283739371
worcester-0455,0.5220682946102795,0.656728034885988,0.5578193916296047
worcester-0456,0.41997788052817964,0.8579094238092434,0.3101676378975997
worcester-0457,0.4713896435563495,0.6390651150283846,0.5139371689355082
worcester-0458,0.573845435891412,0.7199240320914495,0.663015913825681
worcester-0459,0.550851750059777,0.5421010786746284,0.5604594333005704
worcester-0460,0.3448143959349162,0.7485041584188316,0.3533850569472917
worcester-0461,0.5039138748403553,0.717550351100338,0.7082444877770209
worcester-0462,0.43909273601566523,0.8499270492966939,0.5655150881985529
worcester-0463,0.6168128424738193,0.5331100953054364,0.7864654561755098
worcester-0464,0.49839770955785984,0.6545603466136646,0.7232970969694452
worcester-0465,0.4142949863066609,0.7026017364582976,0.5239999817863439
worcester-0466,0.5438359878934147,0.6636491143324571,0.9722558233147615
worcester-0467,0.436790759492664,0.6727087492811173,0.6436099758241967
worcester-0468,0.2952643092376099,0.7849536505903899,0.29126194936283545
worcester-0469,0.9665914419460301,0.5761033711606984,0.9981925106450791
worcester-0470,0.575255999619972,0.6878713860670975,0.4053487527410391
worcester-0471,0.7463140240795945,0.6608639629846214,0.7290090610631541
worcester-0472,0.6199359538905876,0.7850563195173857,0.7267154864991026
worcester-0473,0.38617133933209413,0.7810367556246417,0.3386828258776973
worcester-0474,0.47945870736979673,0.7354756590802941,0.5839696584921169
worcester-0475,0.5974380212051322,0.6372738897882987,0.6304894601739072
worcester-0476,0.7034854506878009,0.7265910498212984,0.9513935323771484
worcester-0477,0.7107509426822662,0.48323509083884986,0.8082300196678689
worcester-0478,0.7326849085379883,0.5097452260761027,0.757376535936805
worcester-0479,0.36299705447549613,0.6006007888029864,0.8134784761691795
worcester-0480,0.5021603716689663,0.7162894504252653,0.6387759109076395
worcester-0481,0.4861014433791964,0.8171764130007337,0.2896498966605969
worcester-0482,0.4169936225563767,0.7828478910785732,0.27022375520440256
worcester-0483,0.47282291523803277,0.7729992900346504,0.4670769117681296
worcester-0484,0.4828589871662077,0.8014934751308719,0.13537933522008005
worcester-0485,0.5691175787852384,0.6485731852467633,0.5183832848505051
worcester-0486,0.6873948019205011,0.6124402586692603,0.6500415770114357
worcester-0487,0.5106388826384965,0.7352855342631474,0.4807102775750995
worcester-0488,0.6951193182484094,0.5452554984426319,1.0
worcester-0489,0.5844466884232764,0.6443681401958229,1.0
worcester-0490,0.3706816256906638,0.7468710475984978,0.7185473707774387
worcester-0491,0.5676960730829832,0.6111448668898314,1.0
worcester-0492,0.5699658661902315,0.643659827313444,0.5666719656202122
worcester-0493,0.5147722330733374,0.6494420955251229,0.4654099176178329
worcester-0494,0.4753609513701538,0.7122095375936415,0.7155185810331582
worcester-0495,0.7009946692274637,0.6381094825934731,0.7032741529996008
worcester-0496,0.5386139257624888,0.6466292019868661,0.6291530975376952
worcester-0497,0.508289224746908,0.7263763184404315,0.6447482373027498
worcester-0498,0.41762697731496157,0.8286311567528959,0.5715332430921151
worcester-0499,0.6355716564072696,0.7295881100610323,0.6452279680888966
worcester-0500,0.5103836685506687,0.782451143774819,0.272680022422647
worcester-0501,0.5508235396676638,0.6692168361853085,0.5929383674617479
worcester-0502,0.45286917923645653,0.6688406530783085,0.4777089701686911
worcester-0503,0.5197382410317096,0.7126061001984736,0.5329791543298009
worcester-0504,0.6213659200588609,0.7249002139319454,0.5996497121080849
worcester-0505,0.7274089899038938,0.6890857887325259,0.5052162348336432
worcester-0506,0.46209553867279624,0.8166556093008369,0.4466426915011829
worcester-0507,0.5251613668386311,0.6619207381597825,0.6062181362051503
worcester-0508,0.257132862710892,0.7569062927794349,0.41195567319744963
worcester-0509,0.6906397781006681,0.7445462938604319,0.476150753848334
worcester-0510,0.34934928590415476,0.7847295929652023,0.4107160034353379
worcester-0511,0.6354491354889215,0.5499522659632594,0.6411799113551827
worcester-0512,0.5591306810023255,0.7195857092879874,0.4064749800312426
worcester-0513,0.535656715628974,0.8400365681912391,0.33184835730071166
worcester-0514,0.3371647946485249,0.6884188270234505,0.10881145793221136
worcester-0515,0.2850228435343999,0.7880654876327018,0.33780039300301573
worcester-0516,0.48598418530747656,0.6917469808196706,0.35712191914963254
worcester-0517,0.5385123324313735,0.6401942038385865,0.6789795691286813
worcester-0518,0.563727579324754,0.7468415585514558,0.4108949195705802
worcester-0519,0.3045560487452398,0.7398918978564323,0.3940392736475145
worcester-0520,0.499546473405096,0.5472823380031191,0.571935449486244
worcester-0521,0.44341581235021543,0.6917744297470568,0.34410774723013443
worcester-0522,0.3547007286905375,0.7900562418637315,0.3009332285565991
worcester-0523,0.4921401895178696,0.668643378201421,0.30002764775655716
worcester-0524,0.6156944069469423,0.6311821103304891,0.5919583967326342
worcester-0525,0.6425246801527644,0.603789402528835,0.6680191834785398
worcester-0526,0.41332787214290134,0.6652977268788076,0.7153576314018434
worcester-0527,0.5108432009495628,0.7737694656756383,0.3708263588720599
worcester-0528,0.6344456496021901,0.6159536634299947,0.6280245387025603
worcester-0529,0.440347604403871,0.690108205132027,0.3007650188958786
worcester-0530,0.4563759729739936,0.803572889957251,0.2784845278348153
worcester-0531,0.49390980712059906,0.7093925865657151,0.9426801024389657
worcester-0532,0.49262375636120004,0.7865433203272264,0.42999697877611925
worcester-0533,0.6052524663141271,0.7382277038541027,0.6201458324771997
worcester-0534,0.32897863410129674,0.7481688554769065,0.20407765815143705
worcester-0535,0.5439284462203459,0.5829383570267493,0.8014028460030337
worcester-0536,0.6192795901768551,0.560547459731488,1.0
worcester-0537,0.6671304753611805,0.6722554129321793,0.4993191857997288
worcester-0538,0.3797188839542716,0.6501784637235432,0.2985795743618795
worcester-0539,0.46337195156129296,0.6696652921607232,0.5367091562362946
worcester-0540,0.5115591376225316,0.7551939925152402,0.5325614322475066
worcester-0541,0.538797240400497,0.6479691165605944,0.6692734608110764
worcester-0542,0.5184299176470977,0.8707791206229228,0.45915007138218206
worcester-0543,0.366492906780687,0.8031898268166139,0.4461673142568443
worcester-0544,0.5042777179706158,0.5953012258721803,0.8398330760313805
worcester-0545,0.6266359467368497,0.5797999697653057,0.5843857966780638
worcester-0546,0.7282209105270727,0.6359879926442112,0.6469164728881226
worcester-0547,0.49819192620781266,0.7845776421621665,0.4548291989837909
worcester-0548,0.49825919591196066,0.6840351472573368,0.8291287683595012
worcester-0549,0.47891969450010036,0.6940454173604157,0.46957084415878664
worcester-0550,0.42663249858311136,0.7311875360049845,0.6057710776297196
worcester-0551,0.2901645758936764,0.8037079056274589,0.3966449469136677
worcester-0552,0.37590653464526974,0.7889812930021352,0.42444146205981703
worcester-0553,0.3965188508042601,0.6347119911266469,0.25391838615469264
worcester-0554,0.5621130891273066,0.6215094562718878,0.624336585908422
worcester-0555,0.5287880717730041,0.6937456922898553,0.2433377297212251
worcester-0556,0.5131961818340052,0.6379569100367941,0.41895894464954075
worcester-0557,0.4665704574371606,0.8287486397667542,0.49056668192413044
worcester-0558,0.6207283006401534,0.5797837085032229,0.889500092238696
worcester-0559,0.5515752935627193,0.6454464698103769,0.6726115008561175
worcester-0560,0.37680762012089114,0.7237487340109587,0.34020761310817155
worcester-0561,0.6833615370056844,0.6937647640355004,0.8390432168006203
worcester-0562,0.41630005164022466,0.7703700362812833,0.5472514600293507
worcester-0563,0.4530675139167853,0.7615295821443913,0.6574720044337441
worcester-0564,0.6033486627776408,0.808330236866727,0.45136422890925987
worcester-0565,0.5230123433613324,0.6619275654987142,0.48147033465747413
worcester-0566,0.4486363403897137,0.8346118864580376,0.36194407799070716
worcester-0567,0.5466849848834044,0.8658681741880438,0.8386509514998983
worcester-0568,0.5171324227998675,0.6736231667245594,0.43665250847566534
worcester-0569,0.472840592209847,0.7124902845558813,0.5369642087637617
worcester-0570,0.681020655251349,0.6883441686468231,0.8258951153783436
worcester-0571,0.5387702565761314,0.7938863239207125,0.5759902313305405
worcester-0572,0.5438886667520634,0.6612670700369424,0.560107770664404
worcester-0573,0.48021536658346087,0.6456224416575053,0.5864044987741822
worcester-0574,0.43168341676525235,0.817666893732292,0.7115059478626331
worcester-0575,0.5190592820058266,0.6478358257651238,0.7072936261907551
worcester-0576,0.6380056425769018,0.4967226991946674,0.6152318764464041
worcester-0577,0.6376087312617494,0.6825523126578086,0.8399323639678017
worcester-0578,0.43568842937837127,0.789729958359064,0.42014356514844087
worcester-0579,0.4989025694502242,0.8218788964362369,0.7052823855148505
worcester-0580,0.4846990955918354,0.8063911651294677,0.600408587824491
worcester-0581,0.4971911050238595,0.9437125513050643,0.8421753167413023
worcester-0582,0.5720437116730004,0.7258889667728118,0.3093430436415341
worcester-0583,0.6502648384891327,0.642439752248047,0.49170980718722873
worcester-0584,0.5470134138547529,0.6408403220979487,0.4499229537009737
worcester-0585,0.5659716816991083,0.8311975811936743,0.5383911308170672
worcester-0586,0.5491262437658385,0.6452640513433375,0.806322652491457
worcester-0587,0.30177062958603,0.6535145198357362,0.44008916166865264
worcester-0588,0.45623231302710776,0.5961586597275246,0.3806484122223935
worcester-0589,0.46418209411624956,0.7229316587129249,0.4787813560185754
worcester-0590,0.604876324975615,0.6623311321906483,0.5581242110876049
worcester-0591,0.6516351465791499,0.656745155264369,0.9099125306137489
worcester-0592,0.4203127663584244,0.6736087093424774,0.566427334344821
worcester-0593,0.4507305577049189,0.7117408009365991,0.41633320802996265
worcester-0594,0.6439673634281348,0.7984351888992696,0.32597286273194453
worcester-0595,0.42804780522807784,0.6998244848716862,0.5514326436968244
worcester-0596,0.6106693157987869,0.7433767288621717,0.6570702555848009
worcester-0597,0.6466908925356789,0.6488282482151382,0.8964388938339114
worcester-0598,0.4725447295871013,0.7056210279602451,0.49781443286666255
worcester-0599,0.4961379657517004,0.7070862792201581,0.7932915775463275
